{
  "benchmark": "Non-stationary Switching LDS (Enhanced Aligned Eval)",
  "config": {
    "num_regimes": 3,
    "switch_interval": 50,
    "state_dim": 4,
    "obs_dim": 6
  },
  "results": {
    "legacy": {
      "OFF": {
        "Pre_mean": 0.04167187677360037,
        "Pre_std": 0.03998733622060495,
        "Shock_mean": 0.048968191186431795,
        "Shock_std": 0.054479259123145836,
        "Recover_mean": 0.04097899969425742,
        "Recover_std": 0.033569010193763835,
        "Steady_mean": 0.042191117777687456,
        "Steady_std": 0.024610222137777228,
        "AUA_mean": 0.9220975582423206,
        "AUA_std": 0.6995751753054065,
        "RecTime_mean": 1.3111111111111111,
        "RecTime_std": 2.4928539844231397
      },
      "ON": {
        "Pre_mean": 0.056291692825810376,
        "Pre_std": 0.056992143853416964,
        "Shock_mean": 0.06649626534380433,
        "Shock_std": 0.06850047308419019,
        "Recover_mean": 0.05611513152916882,
        "Recover_std": 0.04248437360418066,
        "Steady_mean": 0.047146327052836404,
        "Steady_std": 0.027715948496089493,
        "AUA_mean": 1.2693365977055187,
        "AUA_std": 0.8982684121034633,
        "RecTime_mean": 1.9222222222222223,
        "RecTime_std": 2.7857884492456737
      }
    },
    "mamba": {
      "OFF": {
        "Pre_mean": 0.03682236640157903,
        "Pre_std": 0.03857586060482199,
        "Shock_mean": 0.023561185198422107,
        "Shock_std": 0.01690012284612597,
        "Recover_mean": 0.023322481580458024,
        "Recover_std": 0.011916347592482866,
        "Steady_mean": 0.02440323886107382,
        "Steady_std": 0.009278037357893383,
        "AUA_mean": 0.492969702445488,
        "AUA_std": 0.21515741601951513,
        "RecTime_mean": 0.6111111111111112,
        "RecTime_std": 1.1124991330278213
      },
      "ON": {
        "Pre_mean": 0.03719598533656811,
        "Pre_std": 0.03840989127969119,
        "Shock_mean": 0.024948695197623848,
        "Shock_std": 0.018686296607038282,
        "Recover_mean": 0.023884227571543307,
        "Recover_std": 0.011907012324342945,
        "Steady_mean": 0.024019010687373492,
        "Steady_std": 0.009364213433499947,
        "AUA_mean": 0.5096465706508349,
        "AUA_std": 0.22651001080692879,
        "RecTime_mean": 0.7777777777777778,
        "RecTime_std": 1.503904383616767
      }
    }
  },
  "window_defs": {
    "Pre": [
      -5,
      -1
    ],
    "Shock": [
      1,
      5
    ],
    "Recover": [
      6,
      20
    ],
    "Steady": [
      21,
      50
    ]
  }
}